,symboling,fueltype,aspiration,doornumber,carbody,drivewheel,enginelocation,wheelbase,carlength,carwidth,carheight,curbweight,enginetype,cylindernumber,enginesize,fuelsystem,boreratio,stroke,compressionratio,horsepower,peakrpm,citympg,highwaympg,price,brand,model,consumption
0,3,gas,std,2,convertible,rwd,front,225.04399999999998,428.752,162.814,123.952,1155.752416,dohc,4,2.1,mpfi,3.47,2.68,9.0,111,5000,21,27,13495.0,alfa-romeo,giulia,9.8
1,3,gas,std,2,convertible,rwd,front,225.04399999999998,428.752,162.814,123.952,1155.752416,dohc,4,2.1,mpfi,3.47,2.68,9.0,111,5000,21,27,16500.0,alfa-romeo,stelvio,9.8
2,1,gas,std,2,hatchback,rwd,front,240.03,434.84799999999996,166.37,133.096,1280.490216,ohcv,6,2.5,mpfi,2.68,3.47,9.0,154,5000,19,26,16500.0,alfa-romeo,quadrifoglio,10.5
3,2,gas,std,4,sedan,fwd,front,253.492,448.56399999999996,168.148,137.922,1060.044504,ohc,4,1.8,mpfi,3.19,3.4,10.0,102,5500,24,30,13950.0,audi,100 ls,8.7
4,2,gas,std,4,sedan,4wd,front,252.47600000000003,448.56399999999996,168.656,137.922,1280.943808,ohc,5,2.2,mpfi,3.19,3.4,8.0,115,5500,18,22,17450.0,audi,100ls,11.8
5,2,gas,std,2,sedan,fwd,front,253.492,450.34200000000004,168.402,134.874,1137.155144,ohc,5,2.2,mpfi,3.19,3.4,8.5,110,5500,19,25,15250.0,audi,fox,10.7
6,1,gas,std,4,sedan,fwd,front,268.73199999999997,489.45799999999997,181.35600000000002,141.478,1290.015648,ohc,5,2.2,mpfi,3.19,3.4,8.5,110,5500,19,25,17710.0,audi,100ls,10.7
7,1,gas,std,4,wagon,fwd,front,268.73199999999997,489.45799999999997,181.35600000000002,141.478,1339.910768,ohc,5,2.2,mpfi,3.19,3.4,8.5,110,5500,19,25,18920.0,audi,5000,10.7
8,1,gas,turbo,4,sedan,fwd,front,268.73199999999997,489.45799999999997,181.35600000000002,141.986,1399.784912,ohc,5,2.1,mpfi,3.13,3.4,8.3,140,5500,17,20,23875.0,audi,4000,12.7
9,0,gas,turbo,2,hatchback,4wd,front,252.73,452.628,172.466,132.08,1384.816376,ohc,5,2.1,mpfi,3.13,3.4,7.0,160,5500,16,22,17859.167,audi,5000s (diesel),12.4
10,2,gas,std,2,sedan,rwd,front,257.048,449.07200000000006,164.59199999999998,137.922,1086.35284,ohc,4,1.8,mpfi,3.5,2.8,8.8,101,5800,23,29,16430.0,bmw,320i,9.0
11,0,gas,std,4,sedan,rwd,front,257.048,449.07200000000006,164.59199999999998,137.922,1086.35284,ohc,4,1.8,mpfi,3.5,2.8,8.8,101,5800,23,29,16925.0,bmw,320i,9.0
12,0,gas,std,2,sedan,rwd,front,257.048,449.07200000000006,164.59199999999998,137.922,1229.23432,ohc,6,2.7,mpfi,3.31,3.19,9.0,121,4250,21,28,20970.0,bmw,x1,9.6
13,0,gas,std,4,sedan,rwd,front,257.048,449.07200000000006,164.59199999999998,137.922,1254.18188,ohc,6,2.7,mpfi,3.31,3.19,9.0,121,4250,21,28,21105.0,bmw,x3,9.6
14,1,gas,std,4,sedan,rwd,front,262.89,480.06,169.92600000000002,141.478,1385.72356,ohc,6,2.7,mpfi,3.31,3.19,9.0,121,4250,20,25,24565.0,bmw,z4,10.5
15,0,gas,std,4,sedan,rwd,front,262.89,480.06,169.92600000000002,141.478,1465.10216,ohc,6,3.4,mpfi,3.62,3.39,8.0,182,5400,16,22,30760.0,bmw,x4,12.4
16,0,gas,std,2,sedan,rwd,front,262.89,492.252,172.466,136.398,1533.14096,ohc,6,3.4,mpfi,3.62,3.39,8.0,182,5400,16,22,41315.0,bmw,x5,12.4
17,0,gas,std,4,sedan,rwd,front,279.4,500.38,180.086,143.00199999999998,1589.83996,ohc,6,3.4,mpfi,3.62,3.39,8.0,182,5400,15,20,36880.0,bmw,x3,13.4
18,2,gas,std,2,hatchback,fwd,front,224.53600000000003,358.394,153.162,135.12800000000001,674.944896,l,3,1.0,2bbl,2.91,3.03,9.5,48,5100,47,53,5151.0,chevrolet,impala,4.7
19,1,gas,std,2,hatchback,fwd,front,240.03,395.98600000000005,161.544,132.08,850.0314079999999,ohc,4,1.5,2bbl,3.03,3.11,9.6,70,5400,38,43,6295.0,chevrolet,monte carlo,5.8
20,0,gas,std,4,sedan,fwd,front,240.03,403.35200000000003,161.544,132.08,865.907128,ohc,4,1.5,2bbl,3.03,3.11,9.6,70,5400,38,43,6575.0,chevrolet,vega 2300,5.8
21,1,gas,std,2,hatchback,fwd,front,237.99800000000002,399.54200000000003,162.052,129.03199999999998,850.938592,ohc,4,1.5,2bbl,2.97,3.23,9.41,68,5500,37,41,5572.0,dodge,rampage,6.0
22,1,gas,std,2,hatchback,fwd,front,237.99800000000002,399.54200000000003,162.052,129.03199999999998,850.938592,ohc,4,1.5,2bbl,2.97,3.23,9.4,68,5500,31,38,6377.0,dodge,challenger se,6.8
23,1,gas,turbo,2,hatchback,fwd,front,237.99800000000002,399.54200000000003,162.052,129.03199999999998,965.243776,ohc,4,1.6,mpfi,3.03,3.39,7.6,102,5500,24,30,7957.0,dodge,d200,8.7
24,1,gas,std,4,hatchback,fwd,front,237.99800000000002,399.54200000000003,162.052,128.524,892.215464,ohc,4,1.5,2bbl,2.97,3.23,9.4,68,5500,31,38,6229.0,dodge,monaco (sw),6.8
25,1,gas,std,4,sedan,fwd,front,237.99800000000002,399.54200000000003,162.052,128.524,902.194488,ohc,4,1.5,2bbl,2.97,3.23,9.4,68,5500,31,38,6692.0,dodge,colt hardtop,6.8
26,1,gas,std,4,sedan,fwd,front,237.99800000000002,399.54200000000003,162.052,128.524,902.194488,ohc,4,1.5,2bbl,2.97,3.23,9.4,68,5500,31,38,7609.0,dodge,colt (sw),6.8
27,1,gas,turbo,2,sedan,fwd,front,237.99800000000002,399.54200000000003,162.052,128.524,993.820072,ohc,4,1.6,mpfi,3.03,3.39,7.6,102,5500,24,30,8558.0,dodge,coronet custom,8.7
28,-1,gas,std,4,wagon,fwd,front,262.382,443.484,164.08399999999997,151.892,1149.85572,ohc,4,2.0,2bbl,3.34,3.46,8.5,88,5000,24,30,8921.0,dodge,dart custom,8.7
29,3,gas,turbo,2,hatchback,fwd,front,243.586,439.928,168.402,127.50800000000001,1275.047112,ohc,4,2.6,mfi,3.6,3.9,7.0,145,5000,19,24,12964.0,dodge,coronet custom (sw),10.9
30,2,gas,std,2,hatchback,fwd,front,219.964,367.284,162.306,129.03199999999998,777.003096,ohc,4,1.5,1bbl,2.91,3.41,9.6,58,4800,49,54,6479.0,honda,civic,4.6
31,2,gas,std,2,hatchback,fwd,front,219.964,367.284,162.306,129.03199999999998,825.083848,ohc,4,1.5,1bbl,2.91,3.41,9.2,76,6000,31,38,6855.0,honda,civic cvcc,6.8
32,1,gas,std,2,hatchback,fwd,front,237.99800000000002,381.0,162.56,133.604,833.248504,ohc,4,1.3,1bbl,2.91,3.07,10.1,60,5500,38,42,5399.0,honda,civic,5.9
33,1,gas,std,2,hatchback,fwd,front,237.99800000000002,381.0,162.56,133.604,879.96848,ohc,4,1.5,1bbl,2.91,3.41,9.2,76,6000,30,34,6529.0,honda,accord cvcc,7.4
34,1,gas,std,2,hatchback,fwd,front,237.99800000000002,381.0,162.56,133.604,887.225952,ohc,4,1.5,1bbl,2.91,3.41,9.2,76,6000,30,34,7129.0,honda,civic cvcc,7.4
35,0,gas,std,4,sedan,fwd,front,245.11,415.036,162.56,138.43,911.71992,ohc,4,1.5,1bbl,2.91,3.41,9.2,76,6000,30,34,7295.0,honda,accord lx,7.4
36,0,gas,std,4,wagon,fwd,front,245.11,399.034,162.306,148.082,918.070208,ohc,4,1.5,1bbl,2.92,3.41,9.2,76,6000,30,34,7295.0,honda,civic 1500 gl,7.4
37,0,gas,std,2,hatchback,fwd,front,245.11,425.45,165.608,135.382,1014.231712,ohc,4,1.8,1bbl,3.15,3.58,9.0,86,5800,27,33,7895.0,honda,accord,7.8
38,0,gas,std,2,hatchback,fwd,front,245.11,425.45,165.608,135.382,1038.272088,ohc,4,1.8,1bbl,3.15,3.58,9.0,86,5800,27,33,9095.0,honda,civic 1300,7.8
39,0,gas,std,4,sedan,fwd,front,245.11,445.516,165.608,137.41400000000002,1045.075968,ohc,4,1.8,1bbl,3.15,3.58,9.0,86,5800,27,33,8845.0,honda,prelude,7.8
40,0,gas,std,4,sedan,fwd,front,245.11,445.516,158.75,137.41400000000002,1075.920224,ohc,4,1.8,1bbl,3.15,3.58,9.0,86,5800,27,33,10295.0,honda,accord,7.8
41,0,gas,std,4,sedan,fwd,front,245.11,445.516,165.608,137.41400000000002,1118.10428,ohc,4,1.8,mpfi,3.15,3.58,9.0,101,5800,24,28,12945.0,honda,civic,9.0
42,1,gas,std,2,sedan,fwd,front,245.11,429.514,167.64000000000001,129.54,1040.086456,ohc,4,1.8,2bbl,3.15,3.58,9.1,100,5500,25,31,10345.0,honda,civic (auto),8.4
43,0,gas,std,4,sedan,rwd,front,239.522,433.578,156.972,135.89000000000001,1060.044504,ohc,4,1.8,2bbl,3.31,3.23,8.5,78,4800,24,29,6785.0,isuzu,mu-x,8.9
44,1,gas,std,2,sedan,fwd,front,240.03,395.98600000000005,161.544,132.08,850.0314079999999,ohc,4,1.5,2bbl,3.03,3.11,9.6,70,5400,38,43,8916.5,isuzu,d-max ,5.8
45,0,gas,std,4,sedan,fwd,front,240.03,395.98600000000005,161.544,132.08,865.907128,ohc,4,1.5,2bbl,3.03,3.11,9.6,70,5400,38,43,8916.5,isuzu,d-max v-cross,5.8
46,2,gas,std,2,hatchback,rwd,front,243.84,438.404,165.608,130.556,1240.120528,ohc,4,2.0,spfi,3.43,3.23,9.2,90,5000,24,29,11048.0,isuzu,d-max ,8.9
47,0,gas,std,4,sedan,rwd,front,287.02,506.984,176.784,134.112,1844.3050719999999,dohc,6,4.2,mpfi,3.63,4.17,8.1,176,4750,15,19,32250.0,jaguar,xj,13.8
48,0,gas,std,4,sedan,rwd,front,287.02,506.984,176.784,134.112,1844.3050719999999,dohc,6,4.2,mpfi,3.63,4.17,8.1,176,4750,15,19,35550.0,jaguar,xf,13.8
49,0,gas,std,2,sedan,rwd,front,259.08,486.91799999999995,179.32399999999998,121.41199999999999,1791.6884,ohcv,12,5.3,mpfi,3.54,2.76,11.5,262,5000,13,17,36000.0,jaguar,xk,15.7
50,1,gas,std,2,hatchback,fwd,front,236.474,404.114,163.068,137.41400000000002,857.28888,ohc,4,1.5,2bbl,3.03,3.15,9.0,68,5000,30,31,5195.0,mazda,rx3,7.7
51,1,gas,std,2,hatchback,fwd,front,236.474,404.114,163.068,137.41400000000002,861.8248,ohc,4,1.5,2bbl,3.03,3.15,9.0,68,5000,31,38,6095.0,mazda,glc deluxe,6.8
52,1,gas,std,2,hatchback,fwd,front,236.474,404.114,163.068,137.41400000000002,864.09276,ohc,4,1.5,2bbl,3.03,3.15,9.0,68,5000,31,38,6795.0,mazda,rx2 coupe,6.8
53,1,gas,std,4,sedan,fwd,front,236.474,423.672,163.068,137.41400000000002,882.23644,ohc,4,1.5,2bbl,3.03,3.15,9.0,68,5000,31,38,6695.0,mazda,rx-4,6.8
54,1,gas,std,4,sedan,fwd,front,236.474,423.672,163.068,137.41400000000002,884.5044,ohc,4,1.5,2bbl,3.08,3.15,9.0,68,5000,31,38,7395.0,mazda,glc deluxe,6.8
55,3,gas,std,2,hatchback,rwd,front,242.06199999999998,429.26,166.87800000000001,125.98400000000001,1079.54896,rotor,2,1.1,4bbl,3.33,3.255,9.4,101,6000,17,23,10945.0,mazda,626,11.8
56,3,gas,std,2,hatchback,rwd,front,242.06199999999998,429.26,166.87800000000001,125.98400000000001,1079.54896,rotor,2,1.1,4bbl,3.33,3.255,9.4,101,6000,17,23,11845.0,mazda,glc,11.8
57,3,gas,std,2,hatchback,rwd,front,242.06199999999998,429.26,166.87800000000001,125.98400000000001,1081.81692,rotor,2,1.1,4bbl,3.33,3.255,9.4,101,6000,17,23,13645.0,mazda,rx-7 gs,11.8
58,3,gas,std,2,hatchback,rwd,front,242.06199999999998,429.26,166.87800000000001,125.98400000000001,1133.98,rotor,2,1.3,mpfi,3.33,3.255,9.4,135,6000,16,23,15645.0,mazda,glc 4,12.1
59,1,gas,std,2,hatchback,fwd,front,250.952,451.612,168.91,136.398,1081.81692,ohc,4,2.0,2bbl,3.39,3.39,8.6,84,4800,26,32,8845.0,mazda,626,8.1
60,0,gas,std,4,sedan,fwd,front,250.952,451.612,168.91,140.97,1093.15672,ohc,4,2.0,2bbl,3.39,3.39,8.6,84,4800,26,32,8495.0,mazda,glc custom l,8.1
61,1,gas,std,2,hatchback,fwd,front,250.952,451.612,168.91,136.398,1081.81692,ohc,4,2.0,2bbl,3.39,3.39,8.6,84,4800,26,32,10595.0,mazda,glc custom,8.1
62,0,gas,std,4,sedan,fwd,front,250.952,451.612,168.91,140.97,1093.15672,ohc,4,2.0,2bbl,3.39,3.39,8.6,84,4800,26,32,10245.0,mazda,rx-4,8.1
63,0,diesel,std,4,sedan,fwd,front,250.952,451.612,168.91,140.97,1108.125256,ohc,4,2.0,idi,3.39,3.39,22.7,64,4650,36,42,10795.0,mazda,glc deluxe,6.0
64,0,gas,std,4,hatchback,fwd,front,250.952,451.612,168.91,140.97,1099.9605999999999,ohc,4,2.0,2bbl,3.39,3.39,8.6,84,4800,26,32,11245.0,mazda,626,8.1
65,0,gas,std,4,sedan,rwd,front,266.446,444.5,167.89399999999998,138.176,1211.09064,ohc,4,2.3,mpfi,3.76,3.16,8.0,120,5000,19,27,18280.0,mazda,glc,10.2
66,0,diesel,std,4,sedan,rwd,front,266.446,444.5,167.89399999999998,138.176,1224.6984,ohc,4,2.2,idi,3.43,3.64,22.0,72,4200,31,39,18344.0,mazda,rx-7 gs,6.7
67,-1,diesel,turbo,4,sedan,rwd,front,279.4,484.886,178.56199999999998,143.51,1594.37588,ohc,5,3.0,idi,3.58,3.64,21.5,123,4350,22,25,25552.0,buick,electra 225 custom,10.0
68,-1,diesel,turbo,4,wagon,rwd,front,279.4,484.886,178.56199999999998,149.098,1700.97,ohc,5,3.0,idi,3.58,3.64,21.5,123,4350,22,25,28248.0,buick,century luxus (sw),10.0
69,0,diesel,turbo,2,hardtop,rwd,front,271.01800000000003,476.25,178.56199999999998,139.446,1585.30404,ohc,5,3.0,idi,3.58,3.64,21.5,123,4350,22,25,28176.0,buick,century,10.0
70,-1,diesel,turbo,4,sedan,rwd,front,293.62399999999997,514.604,182.11800000000002,143.00199999999998,1710.04184,ohc,5,3.0,idi,3.58,3.64,21.5,123,4350,22,25,31600.0,buick,skyhawk,10.0
71,-1,gas,std,4,sedan,rwd,front,293.62399999999997,514.604,182.11800000000002,143.51,1696.43408,ohcv,8,3.8,mpfi,3.46,3.1,8.3,155,4750,16,18,34184.0,buick,opel isuzu deluxe,13.8
72,3,gas,std,2,convertible,rwd,front,245.36399999999998,457.96200000000005,179.07,129.03199999999998,1671.48652,ohcv,8,3.8,mpfi,3.46,3.1,8.3,155,4750,16,18,35056.0,buick,skylark,13.8
73,0,gas,std,4,sedan,rwd,front,307.086,528.574,182.11800000000002,144.018,1769.0088,ohcv,8,5.0,mpfi,3.8,3.35,8.0,184,4500,14,16,40960.0,buick,century special,15.7
74,1,gas,std,2,hardtop,rwd,front,284.48,505.96799999999996,182.88,140.716,1685.09428,ohcv,8,5.0,mpfi,3.8,3.35,8.0,184,4500,14,16,45400.0,buick,regal sport coupe (turbo),15.7
75,1,gas,turbo,2,hatchback,rwd,front,260.858,453.136,172.72,139.192,1319.95272,ohc,4,2.3,mpfi,3.78,3.12,8.0,175,5000,19,24,16503.0,mercury,cougar,10.9
76,2,gas,std,2,hatchback,fwd,front,237.99800000000002,399.54200000000003,163.57600000000002,129.03199999999998,869.989456,ohc,4,1.5,2bbl,2.97,3.23,9.4,68,5500,37,41,5389.0,mitsubishi,mirage,6.0
77,2,gas,std,2,hatchback,fwd,front,237.99800000000002,399.54200000000003,163.57600000000002,129.03199999999998,881.782848,ohc,4,1.5,2bbl,2.97,3.23,9.4,68,5500,31,38,6189.0,mitsubishi,lancer,6.8
78,2,gas,std,2,hatchback,fwd,front,237.99800000000002,399.54200000000003,163.57600000000002,129.03199999999998,908.998368,ohc,4,1.5,2bbl,2.97,3.23,9.4,68,5500,31,38,6669.0,mitsubishi,outlander,6.8
79,1,gas,turbo,2,hatchback,fwd,front,236.22,399.54200000000003,162.052,129.03199999999998,972.95484,ohc,4,1.6,spdi,3.03,3.39,7.6,102,5500,24,30,7689.0,mitsubishi,g4,8.7
80,3,gas,turbo,2,hatchback,fwd,front,244.602,439.42,166.116,125.476,1075.01304,ohc,4,1.8,spdi,3.17,3.46,7.5,116,5500,23,30,9959.0,mitsubishi,mirage g4,8.9
81,3,gas,std,2,hatchback,fwd,front,244.602,439.42,166.116,125.476,1055.962176,ohc,4,2.0,2bbl,3.35,3.46,8.5,88,5000,25,32,8499.0,mitsubishi,g4,8.3
82,3,gas,turbo,2,hatchback,fwd,front,243.586,439.928,168.402,127.50800000000001,1285.026136,ohc,4,2.6,spdi,3.58,3.86,7.0,145,5000,19,24,12629.0,mitsubishi,outlander,10.9
83,3,gas,turbo,2,hatchback,fwd,front,243.586,439.928,168.402,127.50800000000001,1324.9422319999999,ohc,4,2.6,spdi,3.59,3.86,7.0,145,5000,19,24,14869.0,mitsubishi,g4,10.9
84,3,gas,turbo,2,hatchback,fwd,front,243.586,439.928,168.402,127.50800000000001,1327.210192,ohc,4,2.6,spdi,3.59,3.86,7.0,145,5000,19,24,14489.0,mitsubishi,mirage g4,10.9
85,1,gas,std,4,sedan,fwd,front,244.602,437.896,166.116,131.064,1072.74508,ohc,4,2.0,2bbl,3.35,3.46,8.5,88,5000,25,32,6989.0,mitsubishi,montero,8.3
86,1,gas,std,4,sedan,fwd,front,244.602,437.896,166.116,131.064,1090.88876,ohc,4,2.0,2bbl,3.35,3.46,8.5,88,5000,25,32,8189.0,mitsubishi,pajero,8.3
87,1,gas,turbo,4,sedan,fwd,front,244.602,437.896,166.116,131.064,1089.981576,ohc,4,1.8,spdi,3.17,3.46,7.5,116,5500,23,30,9279.0,mitsubishi,outlander,8.9
88,-1,gas,std,4,sedan,fwd,front,244.602,437.896,166.116,131.064,1089.981576,ohc,4,1.8,spdi,3.17,3.46,7.5,116,5500,23,30,9279.0,mitsubishi,mirage g4,8.9
89,1,gas,std,2,sedan,fwd,front,240.03,419.862,162.052,138.43,856.835288,ohc,4,1.6,2bbl,3.15,3.29,9.4,69,5200,31,37,5499.0,nissan,versa,6.9
90,1,diesel,std,2,sedan,fwd,front,240.03,419.862,162.052,138.43,914.8950639999999,ohc,4,1.7,idi,2.99,3.47,21.9,55,4800,45,50,7099.0,nissan,gt-r,5.0
91,1,gas,std,2,sedan,fwd,front,240.03,419.862,162.052,138.43,869.989456,ohc,4,1.6,2bbl,3.15,3.29,9.4,69,5200,31,37,6649.0,nissan,rogue,6.9
92,1,gas,std,4,sedan,fwd,front,240.03,419.862,162.052,138.43,879.061296,ohc,4,1.6,2bbl,3.15,3.29,9.4,69,5200,31,37,6849.0,nissan,latio,6.9
93,1,gas,std,4,wagon,fwd,front,240.03,432.308,162.052,135.89000000000001,918.070208,ohc,4,1.6,2bbl,3.15,3.29,9.4,69,5200,31,37,7349.0,nissan,titan,6.9
94,1,gas,std,2,sedan,fwd,front,240.03,419.862,162.052,138.43,884.957992,ohc,4,1.6,2bbl,3.15,3.29,9.4,69,5200,31,37,7299.0,nissan,leaf,6.9
95,1,gas,std,2,hatchback,fwd,front,240.03,420.62399999999997,162.052,135.382,919.884576,ohc,4,1.6,2bbl,3.15,3.29,9.4,69,5200,31,37,7799.0,nissan,juke,6.9
96,1,gas,std,4,sedan,fwd,front,240.03,419.862,162.052,138.43,894.0298319999999,ohc,4,1.6,2bbl,3.15,3.29,9.4,69,5200,31,37,7499.0,nissan,latio,6.9
97,1,gas,std,4,wagon,fwd,front,240.03,432.308,162.052,135.89000000000001,923.966904,ohc,4,1.6,2bbl,3.15,3.29,9.4,69,5200,31,37,7999.0,nissan,note,6.9
98,2,gas,std,2,hardtop,fwd,front,241.554,412.49600000000004,162.052,135.382,910.812736,ohc,4,1.6,2bbl,3.15,3.29,9.4,69,5200,31,37,8249.0,nissan,clipper,6.9
99,0,gas,std,4,hatchback,fwd,front,246.888,440.43600000000004,165.608,138.93800000000002,1054.147808,ohc,4,2.0,2bbl,3.33,3.47,8.5,97,5200,27,34,8949.0,nissan,rogue,7.7
100,0,gas,std,4,sedan,fwd,front,246.888,440.43600000000004,165.608,138.93800000000002,1044.168784,ohc,4,2.0,2bbl,3.33,3.47,8.5,97,5200,27,34,9549.0,nissan,nv200,7.7
101,0,gas,std,4,sedan,fwd,front,255.01600000000002,461.518,168.91,139.954,1403.86724,ohcv,6,3.0,mpfi,3.43,3.27,9.0,152,5200,17,22,13499.0,nissan,dayz,12.1
102,0,gas,std,4,wagon,fwd,front,255.01600000000002,468.884,168.91,142.494,1495.039232,ohcv,6,3.0,mpfi,3.43,3.27,9.0,152,5200,17,22,14399.0,nissan,fuga,12.1
103,0,gas,std,4,sedan,fwd,front,255.01600000000002,468.884,168.91,139.954,1387.99152,ohcv,6,3.0,mpfi,3.43,3.27,9.0,152,5200,19,25,13499.0,nissan,otti,10.7
104,3,gas,std,2,hatchback,rwd,front,231.902,433.578,172.466,126.23800000000001,1392.981032,ohcv,6,3.0,mpfi,3.43,3.27,9.0,160,5200,19,25,17199.0,nissan,teana,10.7
105,3,gas,turbo,2,hatchback,rwd,front,231.902,433.578,172.466,126.23800000000001,1423.825288,ohcv,6,3.0,mpfi,3.43,3.27,7.8,200,5200,17,23,19699.0,nissan,kicks,11.8
106,1,gas,std,2,hatchback,rwd,front,251.96800000000002,453.39,172.466,126.23800000000001,1423.825288,ohcv,6,3.0,mpfi,3.43,3.27,9.0,160,5200,19,25,18399.0,nissan,clipper,10.7
107,0,gas,std,4,sedan,rwd,front,274.06600000000003,474.21799999999996,173.73600000000002,144.018,1369.84784,l,4,2.0,mpfi,3.46,3.19,8.4,97,5000,19,24,11900.0,peugeot,504,10.9
108,0,diesel,turbo,4,sedan,rwd,front,274.06600000000003,474.21799999999996,173.73600000000002,144.018,1450.133624,l,4,2.5,idi,3.7,3.52,21.0,95,4150,28,33,13200.0,peugeot,304,7.7
109,0,gas,std,4,wagon,rwd,front,290.068,505.206,173.73600000000002,149.098,1465.10216,l,4,2.0,mpfi,3.46,3.19,8.4,97,5000,19,24,12440.0,peugeot,504 (sw),10.9
110,0,diesel,turbo,4,wagon,rwd,front,290.068,505.206,173.73600000000002,149.098,1555.82056,l,4,2.5,idi,3.7,3.52,21.0,95,4150,25,25,13860.0,peugeot,504,9.4
111,0,gas,std,4,sedan,rwd,front,274.06600000000003,474.21799999999996,173.73600000000002,144.018,1394.7954,l,4,2.0,mpfi,3.46,2.19,8.4,95,5000,19,24,15580.0,peugeot,504,10.9
112,0,diesel,turbo,4,sedan,rwd,front,274.06600000000003,474.21799999999996,173.73600000000002,144.018,1475.081184,l,4,2.5,idi,3.7,3.52,21.0,95,4150,28,33,16900.0,peugeot,604sl,7.7
113,0,gas,std,4,wagon,rwd,front,290.068,505.206,173.73600000000002,144.018,1490.04972,l,4,2.0,mpfi,3.46,2.19,8.4,95,5000,19,24,16695.0,peugeot,504,10.9
114,0,diesel,turbo,4,wagon,rwd,front,290.068,505.206,173.73600000000002,149.098,1580.76812,l,4,2.5,idi,3.7,3.52,21.0,95,4150,25,25,17075.0,peugeot,505s turbo diesel,9.4
115,0,gas,std,4,sedan,rwd,front,274.06600000000003,474.21799999999996,173.73600000000002,144.018,1394.7954,l,4,2.0,mpfi,3.46,3.19,8.4,97,5000,19,24,16630.0,peugeot,504,10.9
116,0,diesel,turbo,4,sedan,rwd,front,274.06600000000003,474.21799999999996,173.73600000000002,144.018,1475.081184,l,4,2.5,idi,3.7,3.52,21.0,95,4150,28,33,17950.0,peugeot,504,7.7
117,0,gas,turbo,4,sedan,rwd,front,274.32,474.21799999999996,173.482,142.24,1419.74296,l,4,2.2,mpfi,3.61,3.21,7.0,142,5600,18,24,18150.0,peugeot,604sl,11.2
118,1,gas,std,2,hatchback,fwd,front,237.99800000000002,399.54200000000003,162.052,129.03199999999998,869.989456,ohc,4,1.5,2bbl,2.97,3.23,9.4,68,5500,37,41,5572.0,plymouth,fury iii,6.0
119,1,gas,turbo,2,hatchback,fwd,front,237.99800000000002,399.54200000000003,162.052,129.03199999999998,965.243776,ohc,4,1.6,spdi,3.03,3.39,7.6,102,5500,24,30,7957.0,plymouth,cricket,8.7
120,1,gas,std,4,hatchback,fwd,front,237.99800000000002,399.54200000000003,162.052,128.524,892.215464,ohc,4,1.5,2bbl,2.97,3.23,9.4,68,5500,31,38,6229.0,plymouth,fury iii,6.8
121,1,gas,std,4,sedan,fwd,front,237.99800000000002,424.942,162.052,129.03199999999998,902.194488,ohc,4,1.5,2bbl,2.97,3.23,9.4,68,5500,31,38,6692.0,plymouth,satellite custom (sw),6.8
122,1,gas,std,4,sedan,fwd,front,237.99800000000002,424.942,162.052,129.03199999999998,993.820072,ohc,4,1.6,2bbl,2.97,3.23,9.4,68,5500,31,38,7609.0,plymouth,fury gran sedan,6.8
123,-1,gas,std,4,wagon,fwd,front,262.382,443.484,164.08399999999997,151.892,1149.85572,ohc,4,2.0,2bbl,3.35,3.46,8.5,88,5000,24,30,8921.0,plymouth,valiant,8.7
124,3,gas,turbo,2,hatchback,rwd,front,243.586,439.928,168.402,127.50800000000001,1278.222256,ohc,4,2.6,spdi,3.59,3.86,7.0,145,5000,19,24,12764.0,plymouth,duster,10.9
125,3,gas,std,2,hatchback,rwd,front,240.03,429.00600000000003,173.482,127.50800000000001,1260.0785759999999,ohc,4,2.5,mpfi,3.94,3.11,9.5,143,5500,19,27,22018.0,porsche,macan,10.2
126,3,gas,std,2,hardtop,rwd,rear,227.33,429.00600000000003,165.1,131.064,1250.099552,ohcf,6,3.2,mpfi,3.74,2.9,9.5,207,5900,17,25,32528.0,porsche,panamera,11.2
127,3,gas,std,2,hardtop,rwd,rear,227.33,429.00600000000003,165.1,131.064,1250.099552,ohcf,6,3.2,mpfi,3.74,2.9,9.5,207,5900,17,25,34028.0,porsche,cayenne,11.2
128,3,gas,std,2,convertible,rwd,rear,227.33,429.00600000000003,165.1,131.064,1270.0576,ohcf,6,3.2,mpfi,3.74,2.9,9.5,207,5900,17,25,37028.0,porsche,boxter,11.2
129,1,gas,std,2,hatchback,rwd,front,249.936,446.27799999999996,183.642,128.27,1526.790672,dohcv,8,3.3,mpfi,3.94,3.11,10.0,288,5750,17,28,31400.5,porsche,cayenne,10.5
130,0,gas,std,4,wagon,fwd,front,244.094,461.01,168.91,140.208,1169.813768,ohc,4,2.2,mpfi,3.46,3.9,8.7,90,5100,23,31,9295.0,renault,12tl,8.7
131,2,gas,std,2,hatchback,fwd,front,244.094,449.07200000000006,169.164,128.27,1115.83632,ohc,4,2.2,mpfi,3.46,3.9,8.7,90,5100,23,31,9895.0,renault,5 gtl,8.7
132,3,gas,std,2,hatchback,fwd,front,251.714,473.964,168.91,142.494,1205.647536,ohc,4,2.0,mpfi,3.54,3.07,9.31,110,5250,21,28,11850.0,saab,99e,9.6
133,2,gas,std,4,sedan,fwd,front,251.714,473.964,168.91,142.494,1222.43044,ohc,4,2.0,mpfi,3.54,3.07,9.3,110,5250,21,28,12170.0,saab,99le,9.6
134,3,gas,std,2,hatchback,fwd,front,251.714,473.964,168.91,142.494,1227.873544,ohc,4,2.0,mpfi,2.54,2.07,9.3,110,5250,21,28,15040.0,saab,99le,9.6
135,2,gas,std,4,sedan,fwd,front,251.714,473.964,168.91,142.494,1251.006736,ohc,4,2.0,mpfi,3.54,3.07,9.3,110,5250,21,28,15510.0,saab,99gle,9.6
136,3,gas,turbo,2,hatchback,fwd,front,251.714,473.964,168.91,142.494,1273.686336,dohc,4,2.0,mpfi,3.54,3.07,9.0,160,5500,19,26,18150.0,saab,99gle,10.5
137,2,gas,turbo,4,sedan,fwd,front,251.714,473.964,168.91,142.494,1291.376424,dohc,4,2.0,mpfi,3.54,3.07,9.0,160,5500,19,26,18620.0,saab,99e,10.5
138,2,gas,std,2,hatchback,fwd,front,237.99800000000002,398.526,161.036,136.398,929.8636,ohcf,4,1.6,2bbl,3.62,2.36,9.0,69,4900,31,36,5118.0,subaru,,7.0
139,2,gas,std,2,hatchback,fwd,front,237.99800000000002,401.06600000000003,161.544,136.398,961.61504,ohcf,4,1.8,2bbl,3.62,2.64,8.7,73,4400,26,31,7053.0,subaru,dl,8.3
140,2,gas,std,2,hatchback,4wd,front,236.982,399.54200000000003,162.052,141.478,1016.04608,ohcf,4,1.8,2bbl,3.62,2.64,8.7,73,4400,26,31,7603.0,subaru,dl,8.3
141,0,gas,std,4,sedan,fwd,front,246.888,436.88,166.116,133.35,972.95484,ohcf,4,1.8,2bbl,3.62,2.64,9.5,82,4800,32,37,7126.0,subaru,,6.8
142,0,gas,std,4,sedan,fwd,front,246.888,436.88,166.116,133.35,993.36648,ohcf,4,1.8,2bbl,3.62,2.64,9.5,82,4400,28,33,7775.0,subaru,brz,7.7
143,0,gas,std,4,sedan,fwd,front,246.888,436.88,166.116,133.35,1061.40528,ohcf,4,1.8,mpfi,3.62,2.64,9.0,94,5200,26,32,9960.0,subaru,baja,8.1
144,0,gas,std,4,sedan,4wd,front,246.38,436.88,166.116,137.922,1081.81692,ohcf,4,1.8,2bbl,3.62,2.64,9.0,82,4800,24,25,9233.0,subaru,r1,9.6
145,0,gas,turbo,4,sedan,4wd,front,246.38,436.88,166.116,137.922,1138.51592,ohcf,4,1.8,mpfi,3.62,2.64,7.7,111,4800,24,29,11259.0,subaru,r2,8.9
146,0,gas,std,4,wagon,fwd,front,246.38,440.69,166.116,134.62,1038.72568,ohcf,4,1.8,2bbl,3.62,2.64,9.0,82,4800,28,32,7463.0,subaru,trezia,7.8
147,0,gas,std,4,wagon,fwd,front,246.38,440.69,166.116,134.62,1113.56836,ohcf,4,1.8,mpfi,3.62,2.64,9.0,94,5200,25,31,10198.0,subaru,tribeca,8.4
148,0,gas,std,4,wagon,4wd,front,246.126,440.944,166.116,139.446,1097.69264,ohcf,4,1.8,2bbl,3.62,2.64,9.0,82,4800,23,29,8013.0,subaru,dl,9.0
149,0,gas,turbo,4,wagon,4wd,front,246.126,440.944,166.116,139.446,1202.0188,ohcf,4,1.8,mpfi,3.62,2.64,7.7,111,4800,23,23,11694.0,subaru,dl,10.2
150,1,gas,std,2,hatchback,fwd,front,243.078,403.09799999999996,161.544,138.43,900.38012,ohc,4,1.5,2bbl,3.05,3.03,9.0,62,4800,35,39,5348.0,toyota,corona mark ii,6.4
151,1,gas,std,2,hatchback,fwd,front,243.078,403.09799999999996,161.544,138.43,925.32768,ohc,4,1.5,2bbl,3.05,3.03,9.0,62,4800,31,38,6338.0,toyota,corona,6.8
152,1,gas,std,4,hatchback,fwd,front,243.078,403.09799999999996,161.544,138.43,913.98788,ohc,4,1.5,2bbl,3.05,3.03,9.0,62,4800,31,38,6488.0,toyota,corolla 1200,6.8
153,0,gas,std,4,wagon,fwd,front,243.078,431.03799999999995,161.544,150.114,1034.18976,ohc,4,1.5,2bbl,3.05,3.03,9.0,62,4800,31,37,6918.0,toyota,corona hardtop,6.9
154,0,gas,std,4,wagon,4wd,front,243.078,431.03799999999995,161.544,150.114,1038.72568,ohc,4,1.5,2bbl,3.05,3.03,9.0,62,4800,27,32,7898.0,toyota,corolla 1600 (sw),8.0
155,0,gas,std,4,wagon,4wd,front,243.078,431.03799999999995,161.544,150.114,1410.67112,ohc,4,1.5,2bbl,3.05,3.03,9.0,62,4800,27,32,8778.0,toyota,carina,8.0
156,0,gas,std,4,sedan,fwd,front,243.078,422.40200000000004,163.57600000000002,134.62,943.924952,ohc,4,1.6,2bbl,3.19,3.03,9.0,70,4800,30,37,6938.0,toyota,mark ii,7.0
157,0,gas,std,4,hatchback,fwd,front,243.078,422.40200000000004,163.57600000000002,134.112,956.625528,ohc,4,1.6,2bbl,3.19,3.03,9.0,70,4800,30,37,7198.0,toyota,corolla 1200,7.0
158,0,diesel,std,4,sedan,fwd,front,243.078,422.40200000000004,163.57600000000002,134.62,1031.9218,ohc,4,1.8,idi,3.27,3.35,22.5,56,4500,34,36,7898.0,toyota,corona,6.7
159,0,diesel,std,4,hatchback,fwd,front,243.078,422.40200000000004,163.57600000000002,134.112,1031.9218,ohc,4,1.8,idi,3.27,3.35,22.5,56,4500,38,47,7788.0,toyota,corolla,5.5
160,0,gas,std,4,sedan,fwd,front,243.078,422.40200000000004,163.57600000000002,134.62,949.821648,ohc,4,1.6,2bbl,3.19,3.03,9.0,70,4800,38,47,7738.0,toyota,corona,5.5
161,0,gas,std,4,hatchback,fwd,front,243.078,422.40200000000004,163.57600000000002,134.112,962.5222239999999,ohc,4,1.6,2bbl,3.19,3.03,9.0,70,4800,28,34,8358.0,toyota,corolla,7.6
162,0,gas,std,4,sedan,fwd,front,243.078,422.40200000000004,163.57600000000002,134.112,970.68688,ohc,4,1.6,2bbl,3.19,3.03,9.0,70,4800,28,34,9258.0,toyota,mark ii,7.6
163,1,gas,std,2,sedan,rwd,front,240.03,428.498,162.56,133.604,983.841048,ohc,4,1.6,2bbl,3.19,3.03,9.0,70,4800,29,34,8058.0,toyota,corolla liftback,7.5
164,1,gas,std,2,hatchback,rwd,front,240.03,428.498,162.56,133.604,999.716768,ohc,4,1.6,2bbl,3.19,3.03,9.0,70,4800,29,34,8238.0,toyota,corona,7.5
165,1,gas,std,2,sedan,rwd,front,240.03,428.498,162.56,133.604,1027.38588,dohc,4,1.6,mpfi,3.24,3.08,9.4,112,6600,26,29,9298.0,toyota,celica gt liftback,8.6
166,1,gas,std,2,hatchback,rwd,front,240.03,428.498,162.56,133.604,1043.2616,dohc,4,1.6,mpfi,3.24,3.08,9.4,112,6600,26,29,9538.0,toyota,corolla tercel,8.6
167,2,gas,std,2,hardtop,rwd,front,249.936,447.548,166.624,132.08,1152.12368,ohc,4,2.4,mpfi,3.62,3.5,9.3,116,4800,24,30,8449.0,toyota,corona liftback,8.7
168,2,gas,std,2,hardtop,rwd,front,249.936,447.548,166.624,132.08,1150.309312,ohc,4,2.4,mpfi,3.62,3.5,9.3,116,4800,24,30,9639.0,toyota,corolla,8.7
169,2,gas,std,2,hatchback,rwd,front,249.936,447.548,166.624,132.08,1157.113192,ohc,4,2.4,mpfi,3.62,3.5,9.3,116,4800,24,30,9989.0,toyota,starlet,8.7
170,2,gas,std,2,hardtop,rwd,front,249.936,447.548,166.624,132.08,1215.172968,ohc,4,2.4,mpfi,3.62,3.5,9.3,116,4800,24,30,11199.0,toyota,tercel,8.7
171,2,gas,std,2,hatchback,rwd,front,249.936,447.548,166.624,132.08,1231.048688,ohc,4,2.4,mpfi,3.62,3.5,9.3,116,4800,24,30,11549.0,toyota,corolla,8.7
172,2,gas,std,2,convertible,rwd,front,249.936,447.548,166.624,134.62,1349.4362,ohc,4,2.4,mpfi,3.62,3.5,9.3,116,4800,24,30,17669.0,toyota,cressida,8.7
173,-1,gas,std,4,sedan,fwd,front,260.096,446.024,168.91,139.446,1055.054992,ohc,4,2.0,mpfi,3.31,3.54,8.7,92,4200,29,34,8948.0,toyota,corolla,7.5
174,-1,diesel,turbo,4,sedan,fwd,front,260.096,446.024,168.91,139.446,1124.90816,ohc,4,1.8,idi,3.27,3.35,22.5,73,4500,30,33,10698.0,toyota,celica gt,7.5
175,-1,gas,std,4,hatchback,fwd,front,260.096,446.024,168.91,136.906,1094.971088,ohc,4,2.0,mpfi,3.31,3.54,8.7,92,4200,27,32,9988.0,toyota,corona,8.0
176,-1,gas,std,4,sedan,fwd,front,260.096,446.024,168.91,139.446,1094.971088,ohc,4,2.0,mpfi,3.31,3.54,8.7,92,4200,27,32,10898.0,toyota,corolla,8.0
177,-1,gas,std,4,hatchback,fwd,front,260.096,446.024,168.91,136.906,1114.929136,ohc,4,2.0,mpfi,3.31,3.54,8.7,92,4200,27,32,11248.0,toyota,mark ii,8.0
178,3,gas,std,2,hatchback,rwd,front,261.36600000000004,466.09000000000003,171.958,132.08,1349.889792,dohc,6,2.8,mpfi,3.27,3.35,9.3,161,5200,20,24,16558.0,toyota,corolla liftback,10.7
179,3,gas,std,2,hatchback,rwd,front,261.36600000000004,466.09000000000003,171.958,132.08,1368.033472,dohc,6,2.8,mpfi,3.27,3.35,9.3,161,5200,19,24,15998.0,toyota,corona,10.9
180,-1,gas,std,4,sedan,rwd,front,265.43,477.01200000000006,168.91,137.41400000000002,1420.1965519999999,dohc,6,2.8,mpfi,3.27,3.35,9.2,156,5200,20,24,15690.0,toyota,starlet,10.7
181,-1,gas,std,4,wagon,rwd,front,265.43,477.01200000000006,168.91,137.41400000000002,1429.268392,dohc,6,2.6,mpfi,3.27,3.35,9.2,156,5200,19,24,15750.0,toyota,tercel,10.9
182,2,diesel,std,2,sedan,fwd,front,247.142,436.118,166.37,141.478,1025.571512,ohc,4,1.6,idi,3.01,3.4,23.0,52,4800,37,46,7775.0,volkswagen,rabbit,5.7
183,2,gas,std,2,sedan,fwd,front,247.142,436.118,166.37,141.478,1001.984728,ohc,4,1.8,mpfi,3.19,3.4,9.0,85,5250,27,34,7975.0,volkswagen,1131 deluxe sedan,7.7
184,2,diesel,std,4,sedan,fwd,front,247.142,436.118,166.37,141.478,1026.932288,ohc,4,1.6,idi,3.01,3.4,23.0,52,4800,37,46,7995.0,volkswagen,model 111,5.7
185,2,gas,std,4,sedan,fwd,front,247.142,436.118,166.37,141.478,1003.345504,ohc,4,1.8,mpfi,3.19,3.4,9.0,85,5250,27,34,8195.0,volkswagen,type 3,7.7
186,2,gas,std,4,sedan,fwd,front,247.142,436.118,166.37,141.478,1031.9218,ohc,4,1.8,mpfi,3.19,3.4,9.0,85,5250,27,34,8495.0,volkswagen,411 (sw),7.7
187,2,diesel,turbo,4,sedan,fwd,front,247.142,436.118,166.37,141.478,1051.879848,ohc,4,1.6,idi,3.01,3.4,23.0,68,4500,37,42,9495.0,volkswagen,super beetle,6.0
188,2,gas,std,4,sedan,fwd,front,247.142,436.118,166.37,141.478,1043.2616,ohc,4,1.8,mpfi,3.19,3.4,10.0,100,5500,26,32,9995.0,volkswagen,dasher,8.1
189,3,gas,std,2,convertible,fwd,front,240.03,404.622,163.068,141.22400000000002,1022.3963679999999,ohc,4,1.8,mpfi,3.19,3.4,8.5,90,5500,24,29,11595.0,volkswagen,dasher,8.9
190,3,gas,std,2,hatchback,fwd,front,240.03,420.878,162.56,130.556,1007.427832,ohc,4,1.8,mpfi,3.19,3.4,8.5,90,5500,24,29,9980.0,volkswagen,rabbit,8.9
191,0,gas,std,4,sedan,fwd,front,255.01600000000002,457.70799999999997,169.92600000000002,139.954,1207.008312,ohc,5,2.2,mpfi,3.19,3.4,8.5,110,5500,19,24,13295.0,volkswagen,rabbit,10.9
192,0,diesel,turbo,4,sedan,fwd,front,255.01600000000002,457.70799999999997,169.92600000000002,139.954,1169.813768,ohc,4,1.6,idi,3.01,3.4,23.0,68,4500,33,38,13845.0,volkswagen,rabbit custom,6.6
193,0,gas,std,4,wagon,fwd,front,255.01600000000002,465.074,169.92600000000002,139.954,1162.556296,ohc,4,1.8,mpfi,3.19,3.4,9.0,88,5500,25,31,12290.0,volkswagen,dasher,8.4
194,-2,gas,std,4,sedan,rwd,front,264.92199999999997,479.552,170.68800000000002,142.74800000000002,1320.859904,ohc,4,2.3,mpfi,3.78,3.15,9.5,114,5400,23,28,12940.0,volvo,145e (sw),9.2
195,-1,gas,std,4,wagon,rwd,front,264.92199999999997,479.552,170.68800000000002,146.05,1376.198128,ohc,4,2.3,mpfi,3.78,3.15,9.5,114,5400,23,28,13415.0,volvo,144ea,9.2
196,-2,gas,std,4,sedan,rwd,front,264.92199999999997,479.552,170.68800000000002,142.74800000000002,1331.29252,ohc,4,2.3,mpfi,3.78,3.15,9.5,114,5400,24,28,15985.0,volvo,244dl,9.0
197,-1,gas,std,4,wagon,rwd,front,264.92199999999997,479.552,170.68800000000002,146.05,1379.826864,ohc,4,2.3,mpfi,3.78,3.15,9.5,114,5400,24,28,16515.0,volvo,245,9.0
198,-2,gas,turbo,4,sedan,rwd,front,264.92199999999997,479.552,170.68800000000002,142.74800000000002,1381.1876399999999,ohc,4,2.1,mpfi,3.62,3.15,7.5,162,5100,17,22,18420.0,volvo,264gl,12.1
199,-1,gas,turbo,4,wagon,rwd,front,264.92199999999997,479.552,170.68800000000002,146.05,1431.989944,ohc,4,2.1,mpfi,3.62,3.15,7.5,162,5100,17,22,18950.0,volvo,diesel,12.1
200,-1,gas,std,4,sedan,rwd,front,277.114,479.552,175.00600000000003,140.97,1339.003584,ohc,4,2.3,mpfi,3.78,3.15,9.5,114,5400,23,28,16845.0,volvo,145e (sw),9.2
201,-1,gas,turbo,4,sedan,rwd,front,277.114,479.552,174.75199999999998,140.97,1383.002008,ohc,4,2.3,mpfi,3.78,3.15,8.7,160,5300,19,25,19045.0,volvo,144ea,10.7
202,-1,gas,std,4,sedan,rwd,front,277.114,479.552,175.00600000000003,140.97,1366.219104,ohcv,6,2.8,mpfi,3.58,2.87,8.8,134,5500,18,23,21485.0,volvo,244dl,11.5
203,-1,diesel,turbo,4,sedan,rwd,front,277.114,479.552,175.00600000000003,140.97,1459.205464,ohc,6,2.4,idi,3.01,3.4,23.0,106,4800,26,27,22470.0,volvo,246,8.9
204,-1,gas,turbo,4,sedan,rwd,front,277.114,479.552,175.00600000000003,140.97,1388.898704,ohc,4,2.3,mpfi,3.78,3.15,9.5,114,5400,19,25,22625.0,volvo,264gl,10.7
